trial,testing,parameters,initial_deadline,final_deadline,net_reward,actions,success
1,False,"{'a': 0.6, 'e': 0.9900498337491681}",20,0,-155.389767588,"{0: 9, 1: 3, 2: 5, 3: 1, 4: 2}",0
2,False,"{'a': 0.6, 'e': 0.9801986733067553}",30,0,-78.0751466007,"{0: 20, 1: 4, 2: 4, 3: 2, 4: 0}",0
3,False,"{'a': 0.6, 'e': 0.9704455335485082}",20,0,-196.833961706,"{0: 9, 1: 1, 2: 6, 3: 1, 4: 3}",0
4,False,"{'a': 0.6, 'e': 0.9607894391523232}",25,0,-97.5861702694,"{0: 18, 1: 3, 2: 2, 3: 0, 4: 2}",0
5,False,"{'a': 0.6, 'e': 0.951229424500714}",20,0,-173.69925899,"{0: 10, 1: 3, 2: 3, 3: 1, 4: 3}",0
6,False,"{'a': 0.6, 'e': 0.9417645335842487}",25,0,-250.527948201,"{0: 8, 1: 5, 2: 7, 3: 2, 4: 3}",0
7,False,"{'a': 0.6, 'e': 0.9323938199059483}",20,0,-86.1284531979,"{0: 11, 1: 4, 2: 4, 3: 0, 4: 1}",0
8,False,"{'a': 0.6, 'e': 0.9231163463866358}",30,0,-272.30786121,"{0: 15, 1: 4, 2: 3, 3: 4, 4: 4}",0
9,False,"{'a': 0.6, 'e': 0.9139311852712282}",30,0,-120.854439879,"{0: 15, 1: 6, 2: 7, 3: 2, 4: 0}",0
10,False,"{'a': 0.6, 'e': 0.9048374180359595}",20,11,5.59352055759,"{0: 7, 1: 2, 2: 0, 3: 0, 4: 0}",1
11,False,"{'a': 0.6, 'e': 0.8958341352965282}",20,0,-21.3640948708,"{0: 14, 1: 4, 2: 2, 3: 0, 4: 0}",0
12,False,"{'a': 0.6, 'e': 0.8869204367171575}",25,15,-70.3167739859,"{0: 6, 1: 0, 2: 2, 3: 1, 4: 1}",1
13,False,"{'a': 0.6, 'e': 0.8780954309205613}",25,0,-161.036177849,"{0: 12, 1: 1, 2: 9, 3: 2, 4: 1}",0
14,False,"{'a': 0.6, 'e': 0.8693582353988059}",25,2,-74.9649221258,"{0: 16, 1: 3, 2: 2, 3: 1, 4: 1}",1
15,False,"{'a': 0.6, 'e': 0.8607079764250578}",20,10,-50.4362612025,"{0: 6, 1: 0, 2: 2, 3: 2, 4: 0}",1
16,False,"{'a': 0.6, 'e': 0.8521437889662113}",20,0,-208.483775761,"{0: 11, 1: 0, 2: 4, 3: 1, 4: 4}",0
17,False,"{'a': 0.6, 'e': 0.8436648165963837}",20,0,-158.213760384,"{0: 7, 1: 7, 2: 3, 3: 1, 4: 2}",0
18,False,"{'a': 0.6, 'e': 0.835270211411272}",25,0,-226.447236833,"{0: 12, 1: 5, 2: 3, 3: 1, 4: 4}",0
19,False,"{'a': 0.6, 'e': 0.8269591339433623}",20,0,-39.7666630012,"{0: 14, 1: 1, 2: 5, 3: 0, 4: 0}",0
20,False,"{'a': 0.6, 'e': 0.8187307530779818}",20,0,-63.7447318325,"{0: 12, 1: 1, 2: 7, 3: 0, 4: 0}",0
21,False,"{'a': 0.6, 'e': 0.8105842459701871}",30,0,-25.1185240153,"{0: 23, 1: 5, 2: 1, 3: 1, 4: 0}",0
22,False,"{'a': 0.6, 'e': 0.8025187979624785}",25,7,-91.6410360822,"{0: 11, 1: 1, 2: 4, 3: 1, 4: 1}",1
23,False,"{'a': 0.6, 'e': 0.794533602503334}",20,0,-82.5405470617,"{0: 15, 1: 2, 2: 1, 3: 0, 4: 2}",0
24,False,"{'a': 0.6, 'e': 0.7866278610665535}",20,0,-117.22535901,"{0: 11, 1: 4, 2: 3, 3: 0, 4: 2}",0
25,False,"{'a': 0.6, 'e': 0.7788007830714049}",20,0,-35.1094637189,"{0: 14, 1: 2, 2: 3, 3: 1, 4: 0}",0
26,False,"{'a': 0.6, 'e': 0.7710515858035663}",30,0,-131.550081024,"{0: 19, 1: 3, 2: 5, 3: 1, 4: 2}",0
27,False,"{'a': 0.6, 'e': 0.7633794943368531}",25,0,-34.0650569103,"{0: 19, 1: 1, 2: 5, 3: 0, 4: 0}",0
28,False,"{'a': 0.6, 'e': 0.7557837414557255}",20,12,14.231644632,"{0: 8, 1: 0, 2: 0, 3: 0, 4: 0}",1
29,False,"{'a': 0.6, 'e': 0.7482635675785653}",30,0,-41.2606450558,"{0: 23, 1: 3, 2: 3, 3: 1, 4: 0}",0
30,False,"{'a': 0.6, 'e': 0.7408182206817179}",25,0,-1.07841082223,"{0: 22, 1: 1, 2: 2, 3: 0, 4: 0}",0
31,False,"{'a': 0.6, 'e': 0.7334469562242892}",20,0,-81.3151321621,"{0: 12, 1: 3, 2: 4, 3: 0, 4: 1}",0
32,False,"{'a': 0.6, 'e': 0.7261490370736909}",25,7,-7.82233684602,"{0: 14, 1: 2, 2: 2, 3: 0, 4: 0}",1
33,False,"{'a': 0.6, 'e': 0.7189237334319262}",25,0,-106.818171613,"{0: 18, 1: 1, 2: 2, 3: 3, 4: 1}",0
34,False,"{'a': 0.6, 'e': 0.7117703227626097}",35,5,-99.9738196804,"{0: 20, 1: 4, 2: 3, 3: 2, 4: 1}",1
35,False,"{'a': 0.6, 'e': 0.7046880897187134}",25,0,-30.4103483682,"{0: 21, 1: 2, 2: 1, 3: 0, 4: 1}",0
36,False,"{'a': 0.6, 'e': 0.697676326071031}",20,0,-76.7128465581,"{0: 13, 1: 2, 2: 4, 3: 0, 4: 1}",0
37,False,"{'a': 0.6, 'e': 0.6907343306373547}",25,0,-33.2855732724,"{0: 20, 1: 0, 2: 4, 3: 1, 4: 0}",0
38,False,"{'a': 0.6, 'e': 0.6838614092123558}",25,0,-112.862468428,"{0: 18, 1: 1, 2: 3, 3: 1, 4: 2}",0
39,False,"{'a': 0.6, 'e': 0.6770568744981647}",20,9,-27.557821195,"{0: 7, 1: 2, 2: 1, 3: 1, 4: 0}",1
40,False,"{'a': 0.6, 'e': 0.6703200460356393}",30,17,6.68586864062,"{0: 12, 1: 0, 2: 1, 3: 0, 4: 0}",1
41,False,"{'a': 0.6, 'e': 0.6636502501363194}",25,0,-47.0289646167,"{0: 19, 1: 4, 2: 1, 3: 0, 4: 1}",0
42,False,"{'a': 0.6, 'e': 0.6570468198150567}",30,14,-14.0572535047,"{0: 12, 1: 1, 2: 3, 3: 0, 4: 0}",1
43,False,"{'a': 0.6, 'e': 0.6505090947233165}",20,12,-30.2575999181,"{0: 5, 1: 0, 2: 2, 3: 1, 4: 0}",1
44,False,"{'a': 0.6, 'e': 0.6440364210831414}",20,13,6.44702040485,"{0: 6, 1: 1, 2: 0, 3: 0, 4: 0}",1
45,False,"{'a': 0.6, 'e': 0.6376281516217733}",20,0,-94.6287041892,"{0: 14, 1: 1, 2: 3, 3: 0, 4: 2}",0
46,False,"{'a': 0.6, 'e': 0.631283645506926}",20,12,-4.98023002788,"{0: 6, 1: 1, 2: 1, 3: 0, 4: 0}",1
47,False,"{'a': 0.6, 'e': 0.6250022682827008}",20,11,-8.26894210686,"{0: 7, 1: 0, 2: 2, 3: 0, 4: 0}",1
48,False,"{'a': 0.6, 'e': 0.6187833918061408}",25,12,-41.8428807269,"{0: 9, 1: 1, 2: 1, 3: 2, 4: 0}",1
49,False,"{'a': 0.6, 'e': 0.6126263941844161}",20,0,0.692128701214,"{0: 17, 1: 1, 2: 2, 3: 0, 4: 0}",0
50,False,"{'a': 0.6, 'e': 0.6065306597126334}",20,8,-6.679582865,"{0: 9, 1: 2, 2: 1, 3: 0, 4: 0}",1
51,False,"{'a': 0.6, 'e': 0.6004955788122659}",30,5,-62.6094393311,"{0: 19, 1: 1, 2: 4, 3: 0, 4: 1}",1
52,False,"{'a': 0.6, 'e': 0.5945205479701944}",20,0,-26.5950630125,"{0: 15, 1: 2, 2: 2, 3: 1, 4: 0}",0
53,False,"{'a': 0.6, 'e': 0.5886049696783552}",20,0,-120.411288933,"{0: 13, 1: 1, 2: 3, 3: 1, 4: 2}",0
54,False,"{'a': 0.6, 'e': 0.5827482523739896}",20,0,-80.677402253,"{0: 14, 1: 1, 2: 3, 3: 1, 4: 1}",0
55,False,"{'a': 0.6, 'e': 0.5769498103804866}",20,12,8.52911897636,"{0: 7, 1: 1, 2: 0, 3: 0, 4: 0}",1
56,False,"{'a': 0.6, 'e': 0.5712090638488149}",25,13,-8.18100149182,"{0: 9, 1: 1, 2: 2, 3: 0, 4: 0}",1
57,False,"{'a': 0.6, 'e': 0.5655254386995371}",25,4,7.87773436389,"{0: 19, 1: 1, 2: 1, 3: 0, 4: 0}",1
58,False,"{'a': 0.6, 'e': 0.559898366565402}",25,0,-47.6281838655,"{0: 20, 1: 2, 2: 1, 3: 1, 4: 1}",0
59,False,"{'a': 0.6, 'e': 0.5543272847345071}",20,0,-8.33270003236,"{0: 17, 1: 0, 2: 3, 3: 0, 4: 0}",0
60,False,"{'a': 0.6, 'e': 0.5488116360940265}",35,12,-90.9859648341,"{0: 17, 1: 1, 2: 3, 3: 0, 4: 2}",1
61,False,"{'a': 0.6, 'e': 0.5433508690744998}",20,10,10.2053934408,"{0: 9, 1: 1, 2: 0, 3: 0, 4: 0}",1
62,False,"{'a': 0.6, 'e': 0.5379444375946745}",20,7,1.57216973266,"{0: 11, 1: 1, 2: 1, 3: 0, 4: 0}",1
63,False,"{'a': 0.6, 'e': 0.5325918010068972}",25,0,-18.8293386269,"{0: 20, 1: 1, 2: 4, 3: 0, 4: 0}",0
64,False,"{'a': 0.6, 'e': 0.5272924240430485}",20,0,-18.4269158329,"{0: 16, 1: 2, 2: 1, 3: 1, 4: 0}",0
65,False,"{'a': 0.6, 'e': 0.522045776761016}",25,10,-47.4876022843,"{0: 12, 1: 0, 2: 1, 3: 1, 4: 1}",1
66,False,"{'a': 0.6, 'e': 0.5168513344916992}",25,0,-68.9370366552,"{0: 16, 1: 2, 2: 6, 3: 1, 4: 0}",0
67,False,"{'a': 0.6, 'e': 0.5117085777865424}",20,0,-28.9456008118,"{0: 15, 1: 0, 2: 5, 3: 0, 4: 0}",0
68,False,"{'a': 0.6, 'e': 0.5066169923655895}",20,5,1.93648453236,"{0: 13, 1: 0, 2: 2, 3: 0, 4: 0}",1
69,False,"{'a': 0.6, 'e': 0.5015760690660555}",25,10,-21.8036619293,"{0: 12, 1: 0, 2: 2, 3: 1, 4: 0}",1
70,False,"{'a': 0.6, 'e': 0.49658530379140947}",30,16,-16.2783077819,"{0: 11, 1: 1, 2: 1, 3: 1, 4: 0}",1
71,False,"{'a': 0.6, 'e': 0.4916441974609651}",20,3,13.9432927775,"{0: 16, 1: 1, 2: 0, 3: 0, 4: 0}",1
72,False,"{'a': 0.6, 'e': 0.4867522559599717}",25,13,-41.0110113246,"{0: 10, 1: 0, 2: 0, 3: 1, 4: 1}",1
73,False,"{'a': 0.6, 'e': 0.48190899009020244}",30,21,-5.39363712622,"{0: 8, 1: 0, 2: 0, 3: 1, 4: 0}",1
74,False,"{'a': 0.6, 'e': 0.4771139155210344}",20,14,12.5896521138,"{0: 6, 1: 0, 2: 0, 3: 0, 4: 0}",1
75,False,"{'a': 0.6, 'e': 0.4723665527410147}",25,0,-46.4972102591,"{0: 20, 1: 1, 2: 1, 3: 3, 4: 0}",1
76,False,"{'a': 0.6, 'e': 0.46766642700990924}",25,3,-19.8244264142,"{0: 17, 1: 1, 2: 4, 3: 0, 4: 0}",1
77,False,"{'a': 0.6, 'e': 0.46301306831122807}",30,1,-26.697814543,"{0: 25, 1: 1, 2: 2, 3: 0, 4: 1}",1
78,False,"{'a': 0.6, 'e': 0.4584060113052235}",25,11,-14.409838721,"{0: 12, 1: 0, 2: 1, 3: 1, 4: 0}",1
79,False,"{'a': 0.6, 'e': 0.45384479528235583}",35,0,-76.0438588896,"{0: 26, 1: 2, 2: 6, 3: 0, 4: 1}",0
80,False,"{'a': 0.6, 'e': 0.44932896411722156}",30,12,-21.2479778041,"{0: 15, 1: 1, 2: 1, 3: 0, 4: 1}",1
81,False,"{'a': 0.6, 'e': 0.4448580662229411}",25,8,-13.5452748998,"{0: 16, 1: 0, 2: 0, 3: 0, 4: 1}",1
82,False,"{'a': 0.6, 'e': 0.44043165450599925}",30,3,-31.6027232225,"{0: 23, 1: 2, 2: 1, 3: 0, 4: 1}",1
83,False,"{'a': 0.6, 'e': 0.43604928632153556}",30,18,-10.3387996488,"{0: 10, 1: 1, 2: 0, 3: 1, 4: 0}",1
84,False,"{'a': 0.6, 'e': 0.43171052342907973}",20,14,11.1836918935,"{0: 6, 1: 0, 2: 0, 3: 0, 4: 0}",1
85,False,"{'a': 0.6, 'e': 0.4274149319487267}",20,16,7.06381550019,"{0: 4, 1: 0, 2: 0, 3: 0, 4: 0}",1
86,False,"{'a': 0.6, 'e': 0.4231620823177488}",20,0,-8.7209706003,"{0: 16, 1: 2, 2: 2, 3: 0, 4: 0}",0
87,False,"{'a': 0.6, 'e': 0.418951549247639}",25,0,-54.7036347823,"{0: 19, 1: 1, 2: 3, 3: 2, 4: 0}",0
88,False,"{'a': 0.6, 'e': 0.4147829116815814}",20,13,-43.1860361073,"{0: 5, 1: 0, 2: 1, 3: 0, 4: 1}",1
89,False,"{'a': 0.6, 'e': 0.4106557527523455}",20,5,-34.0230767959,"{0: 12, 1: 1, 2: 1, 3: 0, 4: 1}",1
90,False,"{'a': 0.6, 'e': 0.4065696597405991}",25,0,-6.68011087802,"{0: 22, 1: 2, 2: 0, 3: 1, 4: 0}",0
91,False,"{'a': 0.6, 'e': 0.40252422403363597}",20,3,-43.6794830069,"{0: 14, 1: 0, 2: 1, 3: 1, 4: 1}",1
92,False,"{'a': 0.6, 'e': 0.39851904108451414}",30,12,-42.4825559279,"{0: 15, 1: 0, 2: 1, 3: 1, 4: 1}",1
93,False,"{'a': 0.6, 'e': 0.3945537103716011}",20,0,21.0860844886,"{0: 19, 1: 1, 2: 0, 3: 0, 4: 0}",0
94,False,"{'a': 0.6, 'e': 0.3906278353585211}",20,0,-87.9136704308,"{0: 14, 1: 2, 2: 2, 3: 0, 4: 2}",0
95,False,"{'a': 0.6, 'e': 0.3867410234545012}",20,9,-24.130167337,"{0: 7, 1: 0, 2: 4, 3: 0, 4: 0}",1
96,False,"{'a': 0.6, 'e': 0.38289288597511206}",35,17,-23.2901514053,"{0: 16, 1: 0, 2: 1, 3: 0, 4: 1}",1
97,False,"{'a': 0.6, 'e': 0.37908303810339883}",35,11,-38.2991033682,"{0: 19, 1: 1, 2: 3, 3: 0, 4: 1}",1
98,False,"{'a': 0.6, 'e': 0.37531109885139957}",25,7,-54.6410327632,"{0: 12, 1: 1, 2: 3, 3: 2, 4: 0}",1
99,False,"{'a': 0.6, 'e': 0.3715766910220457}",25,3,6.33349101891,"{0: 18, 1: 2, 2: 2, 3: 0, 4: 0}",1
100,False,"{'a': 0.6, 'e': 0.36787944117144233}",25,10,-22.3739911175,"{0: 13, 1: 1, 2: 0, 3: 0, 4: 1}",1
101,False,"{'a': 0.6, 'e': 0.3642189795715233}",20,12,11.0980233426,"{0: 8, 1: 0, 2: 0, 3: 0, 4: 0}",1
102,False,"{'a': 0.6, 'e': 0.3605949401730783}",30,4,8.95415830955,"{0: 24, 1: 0, 2: 1, 3: 1, 4: 0}",1
103,False,"{'a': 0.6, 'e': 0.3570069605691474}",20,2,3.26232287924,"{0: 16, 1: 1, 2: 0, 3: 1, 4: 0}",1
104,False,"{'a': 0.6, 'e': 0.35345468195878016}",25,9,-23.3485224811,"{0: 14, 1: 1, 2: 0, 3: 0, 4: 1}",1
105,False,"{'a': 0.6, 'e': 0.3499377491111553}",30,18,0.755115510171,"{0: 11, 1: 0, 2: 0, 3: 1, 4: 0}",1
106,False,"{'a': 0.6, 'e': 0.3464558103300574}",30,0,-78.7717666815,"{0: 25, 1: 2, 2: 0, 3: 1, 4: 2}",0
107,False,"{'a': 0.6, 'e': 0.34300851741870664}",25,15,-5.57053607346,"{0: 8, 1: 0, 2: 2, 3: 0, 4: 0}",1
108,False,"{'a': 0.6, 'e': 0.3395955256449391}",25,13,-9.8073934533,"{0: 9, 1: 1, 2: 2, 3: 0, 4: 0}",1
109,False,"{'a': 0.6, 'e': 0.33621649370673334}",20,0,-0.833110683737,"{0: 17, 1: 1, 2: 2, 3: 0, 4: 0}",0
110,False,"{'a': 0.6, 'e': 0.33287108369807955}",25,17,-26.0920607782,"{0: 7, 1: 0, 2: 0, 3: 0, 4: 1}",1
111,False,"{'a': 0.6, 'e': 0.32955896107518906}",20,6,-60.8704010324,"{0: 9, 1: 1, 2: 3, 3: 0, 4: 1}",1
112,False,"{'a': 0.6, 'e': 0.32627979462303947}",20,0,-69.089117132,"{0: 16, 1: 1, 2: 1, 3: 0, 4: 2}",0
113,False,"{'a': 0.6, 'e': 0.3230332564222529}",25,13,-61.4098844018,"{0: 7, 1: 1, 2: 3, 3: 0, 4: 1}",1
114,False,"{'a': 0.6, 'e': 0.31981902181630384}",30,0,-11.6459166862,"{0: 26, 1: 0, 2: 3, 3: 1, 4: 0}",0
115,False,"{'a': 0.6, 'e': 0.31663676937905316}",25,13,18.8827777129,"{0: 12, 1: 0, 2: 0, 3: 0, 4: 0}",1
116,False,"{'a': 0.6, 'e': 0.3134861808826053}",30,20,9.32036060196,"{0: 9, 1: 1, 2: 0, 3: 0, 4: 0}",1
117,False,"{'a': 0.6, 'e': 0.31036694126548503}",30,14,8.95639442167,"{0: 15, 1: 0, 2: 1, 3: 0, 4: 0}",1
118,False,"{'a': 0.6, 'e': 0.30727873860113125}",20,0,-45.2277301856,"{0: 16, 1: 0, 2: 3, 3: 0, 4: 1}",0
119,False,"{'a': 0.6, 'e': 0.3042212640667041}",20,11,16.5772092091,"{0: 9, 1: 0, 2: 0, 3: 0, 4: 0}",1
120,False,"{'a': 0.6, 'e': 0.30119421191220214}",25,9,16.3268333551,"{0: 15, 1: 0, 2: 1, 3: 0, 4: 0}",1
121,False,"{'a': 0.6, 'e': 0.2981972794298874}",20,11,6.73659150843,"{0: 8, 1: 0, 2: 1, 3: 0, 4: 0}",1
122,False,"{'a': 0.6, 'e': 0.2952301669240142}",25,8,10.1669041046,"{0: 15, 1: 0, 2: 2, 3: 0, 4: 0}",1
123,False,"{'a': 0.6, 'e': 0.2922925776808594}",20,0,-11.4140660421,"{0: 16, 1: 2, 2: 2, 3: 0, 4: 0}",0
124,False,"{'a': 0.6, 'e': 0.2893842179390506}",20,6,-3.33168105008,"{0: 11, 1: 1, 2: 2, 3: 0, 4: 0}",1
125,False,"{'a': 0.6, 'e': 0.2865047968601901}",25,16,13.2893044524,"{0: 9, 1: 0, 2: 0, 3: 0, 4: 0}",1
126,False,"{'a': 0.6, 'e': 0.2836540264997704}",20,10,-3.38722325747,"{0: 8, 1: 1, 2: 1, 3: 0, 4: 0}",1
127,False,"{'a': 0.6, 'e': 0.2808316217783798}",20,0,26.7610729728,"{0: 20, 1: 0, 2: 0, 3: 0, 4: 0}",0
128,False,"{'a': 0.6, 'e': 0.27803730045319414}",25,6,-19.037666339,"{0: 17, 1: 1, 2: 0, 3: 0, 4: 1}",1
129,False,"{'a': 0.6, 'e': 0.27527078308975234}",20,5,-69.8362511429,"{0: 10, 1: 1, 2: 2, 3: 1, 4: 1}",1
130,False,"{'a': 0.6, 'e': 0.2725317930340126}",20,14,11.623934716,"{0: 6, 1: 0, 2: 0, 3: 0, 4: 0}",1
131,False,"{'a': 0.6, 'e': 0.2698200563846868}",20,8,-34.5176129153,"{0: 10, 1: 0, 2: 1, 3: 0, 4: 1}",1
132,False,"{'a': 0.6, 'e': 0.26713530196585034}",25,1,12.0627946694,"{0: 21, 1: 1, 2: 2, 3: 0, 4: 0}",1
133,False,"{'a': 0.6, 'e': 0.26447726129982396}",30,4,27.5382459137,"{0: 24, 1: 2, 2: 0, 3: 0, 4: 0}",1
134,False,"{'a': 0.6, 'e': 0.261845668580326}",20,3,10.2710371141,"{0: 16, 1: 0, 2: 1, 3: 0, 4: 0}",1
135,False,"{'a': 0.6, 'e': 0.2592402606458915}",20,13,-11.9933168995,"{0: 5, 1: 0, 2: 2, 3: 0, 4: 0}",1
136,False,"{'a': 0.6, 'e': 0.2566607769535559}",20,7,1.67367559036,"{0: 11, 1: 0, 2: 2, 3: 0, 4: 0}",1
137,False,"{'a': 0.6, 'e': 0.25410695955280027}",20,7,1.76704648972,"{0: 12, 1: 0, 2: 0, 3: 1, 4: 0}",1
138,False,"{'a': 0.6, 'e': 0.25157855305975646}",25,4,-4.3712713129,"{0: 20, 1: 0, 2: 0, 3: 0, 4: 1}",1
139,False,"{'a': 0.6, 'e': 0.24907530463166816}",20,13,-10.1368198336,"{0: 6, 1: 0, 2: 0, 3: 1, 4: 0}",1
140,False,"{'a': 0.6, 'e': 0.24659696394160643}",35,12,-0.862235108078,"{0: 20, 1: 0, 2: 3, 3: 0, 4: 0}",1
141,False,"{'a': 0.6, 'e': 0.2441432831534371}",20,16,6.84981832389,"{0: 4, 1: 0, 2: 0, 3: 0, 4: 0}",1
142,False,"{'a': 0.6, 'e': 0.24171401689703645}",20,5,-15.8240776797,"{0: 14, 1: 0, 2: 0, 3: 0, 4: 1}",1
143,False,"{'a': 0.6, 'e': 0.23930892224375455}",20,15,10.0348811112,"{0: 5, 1: 0, 2: 0, 3: 0, 4: 0}",1
144,False,"{'a': 0.6, 'e': 0.23692775868212176}",30,10,10.5944101351,"{0: 18, 1: 0, 2: 2, 3: 0, 4: 0}",1
145,False,"{'a': 0.6, 'e': 0.23457028809379765}",25,0,3.76514690031,"{0: 22, 1: 0, 2: 3, 3: 0, 4: 0}",0
146,False,"{'a': 0.6, 'e': 0.23223627472975883}",30,15,16.4066842443,"{0: 14, 1: 1, 2: 0, 3: 0, 4: 0}",1
147,False,"{'a': 0.6, 'e': 0.22992548518672384}",20,9,-2.01028763422,"{0: 9, 1: 0, 2: 2, 3: 0, 4: 0}",1
148,False,"{'a': 0.6, 'e': 0.22763768838381274}",25,0,34.8149851032,"{0: 25, 1: 0, 2: 0, 3: 0, 4: 0}",0
149,False,"{'a': 0.6, 'e': 0.22537265553943872}",25,13,-2.3114026975,"{0: 10, 1: 0, 2: 2, 3: 0, 4: 0}",1
150,False,"{'a': 0.6, 'e': 0.22313016014842982}",20,7,21.9696306412,"{0: 13, 1: 0, 2: 0, 3: 0, 4: 0}",1
151,False,"{'a': 0.6, 'e': 0.2209099779593782}",35,12,1.01542718546,"{0: 21, 1: 0, 2: 1, 3: 1, 4: 0}",1
152,False,"{'a': 0.6, 'e': 0.21871188695221475}",20,12,1.82104737518,"{0: 7, 1: 0, 2: 1, 3: 0, 4: 0}",1
153,False,"{'a': 0.6, 'e': 0.21653566731600707}",20,8,-4.88279023396,"{0: 10, 1: 0, 2: 2, 3: 0, 4: 0}",1
154,False,"{'a': 0.6, 'e': 0.21438110142697794}",25,6,19.7225919017,"{0: 18, 1: 0, 2: 1, 3: 0, 4: 0}",1
155,False,"{'a': 0.6, 'e': 0.21224797382674304}",35,15,12.5192486405,"{0: 18, 1: 0, 2: 2, 3: 0, 4: 0}",1
156,False,"{'a': 0.6, 'e': 0.21013607120076472}",25,16,-24.4044740563,"{0: 8, 1: 0, 2: 0, 3: 0, 4: 1}",1
157,False,"{'a': 0.6, 'e': 0.20804518235702046}",35,17,8.30225448373,"{0: 16, 1: 0, 2: 2, 3: 0, 4: 0}",1
158,False,"{'a': 0.6, 'e': 0.20597509820488344}",30,15,21.8500420132,"{0: 14, 1: 1, 2: 0, 3: 0, 4: 0}",1
159,False,"{'a': 0.6, 'e': 0.20392561173421342}",20,15,-1.5869680283,"{0: 4, 1: 0, 2: 1, 3: 0, 4: 0}",1
160,False,"{'a': 0.6, 'e': 0.20189651799465538}",20,0,-7.03826317971,"{0: 16, 1: 2, 2: 2, 3: 0, 4: 0}",0
161,False,"{'a': 0.6, 'e': 0.1998876140751445}",20,12,-28.4000348341,"{0: 7, 1: 0, 2: 0, 3: 0, 4: 1}",1
162,False,"{'a': 0.6, 'e': 0.19789869908361465}",25,18,13.751770519,"{0: 7, 1: 0, 2: 0, 3: 0, 4: 0}",1
163,False,"{'a': 0.6, 'e': 0.19592957412690934}",20,0,-26.9827323584,"{0: 17, 1: 2, 2: 0, 3: 0, 4: 1}",0
164,False,"{'a': 0.6, 'e': 0.19398004229089189}",35,18,2.51797515071,"{0: 15, 1: 1, 2: 0, 3: 1, 4: 0}",1
165,False,"{'a': 0.6, 'e': 0.19204990862075408}",30,10,-26.5993415255,"{0: 17, 1: 0, 2: 2, 3: 0, 4: 1}",1
166,False,"{'a': 0.6, 'e': 0.1901389801015205}",25,9,18.3453699308,"{0: 15, 1: 0, 2: 1, 3: 0, 4: 0}",1
167,False,"{'a': 0.6, 'e': 0.1882470656387468}",20,5,-8.88022532769,"{0: 13, 1: 0, 2: 1, 3: 1, 4: 0}",1
168,False,"{'a': 0.6, 'e': 0.18637397603940997}",20,14,12.3099200009,"{0: 6, 1: 0, 2: 0, 3: 0, 4: 0}",1
169,False,"{'a': 0.6, 'e': 0.18451952399298926}",25,19,9.24124265593,"{0: 6, 1: 0, 2: 0, 3: 0, 4: 0}",1
170,False,"{'a': 0.6, 'e': 0.18268352405273466}",20,14,10.8322189902,"{0: 6, 1: 0, 2: 0, 3: 0, 4: 0}",1
171,False,"{'a': 0.6, 'e': 0.1808657926171221}",20,6,-21.361242167,"{0: 10, 1: 0, 2: 4, 3: 0, 4: 0}",1
172,False,"{'a': 0.6, 'e': 0.17906614791149322}",25,5,34.5303970019,"{0: 20, 1: 0, 2: 0, 3: 0, 4: 0}",1
173,False,"{'a': 0.6, 'e': 0.17728440996987782}",20,13,6.06422830033,"{0: 6, 1: 1, 2: 0, 3: 0, 4: 0}",1
174,False,"{'a': 0.6, 'e': 0.17552040061699686}",25,19,11.5727878836,"{0: 6, 1: 0, 2: 0, 3: 0, 4: 0}",1
175,False,"{'a': 0.6, 'e': 0.17377394345044514}",25,6,14.4594860995,"{0: 17, 1: 1, 2: 1, 3: 0, 4: 0}",1
176,False,"{'a': 0.6, 'e': 0.17204486382305054}",20,0,5.5815609681,"{0: 18, 1: 0, 2: 2, 3: 0, 4: 0}",0
177,False,"{'a': 0.6, 'e': 0.17033298882540943}",20,8,19.2554061377,"{0: 12, 1: 0, 2: 0, 3: 0, 4: 0}",1
178,False,"{'a': 0.6, 'e': 0.1686381472685955}",25,20,7.04018321453,"{0: 5, 1: 0, 2: 0, 3: 0, 4: 0}",1
179,False,"{'a': 0.6, 'e': 0.1669601696670407}",30,17,-4.42935371153,"{0: 11, 1: 0, 2: 2, 3: 0, 4: 0}",1
180,False,"{'a': 0.6, 'e': 0.16529888822158653}",30,11,34.1353182187,"{0: 19, 1: 0, 2: 0, 3: 0, 4: 0}",1
181,False,"{'a': 0.6, 'e': 0.16365413680270405}",20,11,20.0055055776,"{0: 9, 1: 0, 2: 0, 3: 0, 4: 0}",1
182,False,"{'a': 0.6, 'e': 0.16202575093388075}",20,12,15.071510805,"{0: 8, 1: 0, 2: 0, 3: 0, 4: 0}",1
183,False,"{'a': 0.6, 'e': 0.16041356777517274}",25,7,23.6866271852,"{0: 18, 1: 0, 2: 0, 3: 0, 4: 0}",1
184,False,"{'a': 0.6, 'e': 0.15881742610692068}",25,15,7.75694248433,"{0: 9, 1: 0, 2: 1, 3: 0, 4: 0}",1
185,False,"{'a': 0.6, 'e': 0.1572371663136276}",30,0,41.8559516392,"{0: 30, 1: 0, 2: 0, 3: 0, 4: 0}",0
186,False,"{'a': 0.6, 'e': 0.1556726303679973}",25,17,15.8588041087,"{0: 8, 1: 0, 2: 0, 3: 0, 4: 0}",1
187,False,"{'a': 0.6, 'e': 0.1541236618151314}",25,10,-11.5876918882,"{0: 14, 1: 0, 2: 0, 3: 0, 4: 1}",1
188,False,"{'a': 0.6, 'e': 0.15259010575688386}",30,16,5.01042018387,"{0: 13, 1: 0, 2: 0, 3: 1, 4: 0}",1
189,False,"{'a': 0.6, 'e': 0.15107180883637084}",20,11,14.0841503142,"{0: 9, 1: 0, 2: 0, 3: 0, 4: 0}",1
190,False,"{'a': 0.6, 'e': 0.14956861922263504}",35,18,24.1349390981,"{0: 16, 1: 1, 2: 0, 3: 0, 4: 0}",1
191,False,"{'a': 0.6, 'e': 0.14808038659546244}",30,12,22.9763223659,"{0: 17, 1: 0, 2: 1, 3: 0, 4: 0}",1
192,False,"{'a': 0.6, 'e': 0.14660696213035015}",25,11,2.92609974694,"{0: 13, 1: 0, 2: 0, 3: 1, 4: 0}",1
193,False,"{'a': 0.6, 'e': 0.14514819848362373}",30,12,8.25773072229,"{0: 16, 1: 0, 2: 2, 3: 0, 4: 0}",1
194,False,"{'a': 0.6, 'e': 0.14370394977770293}",30,19,20.2218849904,"{0: 11, 1: 0, 2: 0, 3: 0, 4: 0}",1
195,False,"{'a': 0.6, 'e': 0.1422740715865136}",30,11,33.2069727957,"{0: 19, 1: 0, 2: 0, 3: 0, 4: 0}",1
196,False,"{'a': 0.6, 'e': 0.140858420921045}",25,15,22.1327447951,"{0: 10, 1: 0, 2: 0, 3: 0, 4: 0}",1
197,False,"{'a': 0.6, 'e': 0.13945685621505094}",20,14,10.8735532374,"{0: 6, 1: 0, 2: 0, 3: 0, 4: 0}",1
198,False,"{'a': 0.6, 'e': 0.13806923731089282}",20,0,31.3799846037,"{0: 20, 1: 0, 2: 0, 3: 0, 4: 0}",1
199,False,"{'a': 0.6, 'e': 0.13669542544552385}",30,13,30.0919564968,"{0: 17, 1: 0, 2: 0, 3: 0, 4: 0}",1
200,False,"{'a': 0.6, 'e': 0.1353352832366127}",25,10,24.9443675565,"{0: 15, 1: 0, 2: 0, 3: 0, 4: 0}",1
201,False,"{'a': 0.6, 'e': 0.13398867466880493}",20,9,6.98875355159,"{0: 10, 1: 0, 2: 1, 3: 0, 4: 0}",1
202,False,"{'a': 0.6, 'e': 0.13265546508012172}",20,0,26.7541585686,"{0: 20, 1: 0, 2: 0, 3: 0, 4: 0}",0
203,False,"{'a': 0.6, 'e': 0.13133552114849303}",20,8,9.30818628904,"{0: 11, 1: 0, 2: 1, 3: 0, 4: 0}",1
204,False,"{'a': 0.6, 'e': 0.1300287108784259}",25,13,15.4520581222,"{0: 11, 1: 1, 2: 0, 3: 0, 4: 0}",1
205,False,"{'a': 0.6, 'e': 0.12873490358780423}",30,14,17.714384896,"{0: 15, 1: 0, 2: 1, 3: 0, 4: 0}",1
206,False,"{'a': 0.6, 'e': 0.12745396989482075}",20,16,6.52048325382,"{0: 4, 1: 0, 2: 0, 3: 0, 4: 0}",1
207,False,"{'a': 0.6, 'e': 0.12618578170503877}",20,5,20.0441465866,"{0: 15, 1: 0, 2: 0, 3: 0, 4: 0}",1
208,False,"{'a': 0.6, 'e': 0.12493021219858241}",25,14,16.8402708353,"{0: 11, 1: 0, 2: 0, 3: 0, 4: 0}",1
209,False,"{'a': 0.6, 'e': 0.12368713581745483}",20,0,23.856922098,"{0: 19, 1: 1, 2: 0, 3: 0, 4: 0}",0
210,False,"{'a': 0.6, 'e': 0.1224564282529819}",25,20,8.66509720464,"{0: 5, 1: 0, 2: 0, 3: 0, 4: 0}",1
211,False,"{'a': 0.6, 'e': 0.12123796643338168}",20,13,13.6117819685,"{0: 7, 1: 0, 2: 0, 3: 0, 4: 0}",1
212,False,"{'a': 0.6, 'e': 0.12003162851145673}",20,9,-19.949571554,"{0: 10, 1: 0, 2: 0, 3: 0, 4: 1}",1
213,False,"{'a': 0.6, 'e': 0.11883729385240965}",25,0,42.5332012497,"{0: 25, 1: 0, 2: 0, 3: 0, 4: 0}",0
214,False,"{'a': 0.6, 'e': 0.11765484302177918}",20,15,-3.06584909295,"{0: 4, 1: 0, 2: 1, 3: 0, 4: 0}",1
215,False,"{'a': 0.6, 'e': 0.11648415777349697}",35,21,26.5990125755,"{0: 14, 1: 0, 2: 0, 3: 0, 4: 0}",1
216,False,"{'a': 0.6, 'e': 0.11532512103806251}",20,14,10.6301554934,"{0: 6, 1: 0, 2: 0, 3: 0, 4: 0}",1
217,False,"{'a': 0.6, 'e': 0.1141776169108365}",30,17,12.0484135476,"{0: 12, 1: 0, 2: 1, 3: 0, 4: 0}",1
218,False,"{'a': 0.6, 'e': 0.11304153064044985}",20,2,9.49123598534,"{0: 17, 1: 0, 2: 0, 3: 1, 4: 0}",1
219,False,"{'a': 0.6, 'e': 0.11191674861732888}",25,14,-1.05840566553,"{0: 10, 1: 0, 2: 0, 3: 1, 4: 0}",1
220,False,"{'a': 0.6, 'e': 0.11080315836233387}",25,17,6.94470616218,"{0: 7, 1: 1, 2: 0, 3: 0, 4: 0}",1
221,False,"{'a': 0.6, 'e': 0.10970064851551141}",30,6,-8.59549929071,"{0: 23, 1: 0, 2: 0, 3: 0, 4: 1}",1
222,False,"{'a': 0.6, 'e': 0.10860910882495796}",30,14,-25.9046657942,"{0: 14, 1: 0, 2: 1, 3: 0, 4: 1}",1
223,False,"{'a': 0.6, 'e': 0.10752843013579495}",20,0,17.2995582022,"{0: 18, 1: 1, 2: 1, 3: 0, 4: 0}",0
224,False,"{'a': 0.6, 'e': 0.1064585043792528}",25,14,22.3501670375,"{0: 11, 1: 0, 2: 0, 3: 0, 4: 0}",1
225,False,"{'a': 0.6, 'e': 0.10539922456186433}",20,9,20.349823941,"{0: 11, 1: 0, 2: 0, 3: 0, 4: 0}",1
226,False,"{'a': 0.6, 'e': 0.104350484754765}",30,15,24.6102692892,"{0: 15, 1: 0, 2: 0, 3: 0, 4: 0}",1
227,False,"{'a': 0.6, 'e': 0.1033121800831002}",20,8,21.2246340727,"{0: 12, 1: 0, 2: 0, 3: 0, 4: 0}",1
228,False,"{'a': 0.6, 'e': 0.10228420671553744}",25,13,9.75098420601,"{0: 11, 1: 0, 2: 1, 3: 0, 4: 0}",1
229,False,"{'a': 0.6, 'e': 0.1012664618538834}",20,11,8.12927234358,"{0: 8, 1: 1, 2: 0, 3: 0, 4: 0}",1
230,False,"{'a': 0.6, 'e': 0.1002588437228037}",25,10,-21.7024049189,"{0: 13, 1: 1, 2: 0, 3: 0, 4: 1}",1
231,False,"{'a': 0.6, 'e': 0.09926125155964566}",25,12,23.3698447085,"{0: 13, 1: 0, 2: 0, 3: 0, 4: 0}",1
232,False,"{'a': 0.6, 'e': 0.09827358560436154}",25,16,17.9697472095,"{0: 9, 1: 0, 2: 0, 3: 0, 4: 0}",1
233,False,"{'a': 0.6, 'e': 0.09729574708953276}",25,19,9.28179300154,"{0: 6, 1: 0, 2: 0, 3: 0, 4: 0}",1
234,False,"{'a': 0.6, 'e': 0.09632763823049303}",25,20,9.98710160881,"{0: 5, 1: 0, 2: 0, 3: 0, 4: 0}",1
235,False,"{'a': 0.6, 'e': 0.09536916221554961}",30,8,11.2084748822,"{0: 20, 1: 0, 2: 2, 3: 0, 4: 0}",1
236,False,"{'a': 0.6, 'e': 0.09442022319630235}",25,18,9.31833912154,"{0: 7, 1: 0, 2: 0, 3: 0, 4: 0}",1
237,False,"{'a': 0.6, 'e': 0.09348072627805847}",20,7,9.30195092169,"{0: 12, 1: 0, 2: 1, 3: 0, 4: 0}",1
238,False,"{'a': 0.6, 'e': 0.09255057751034329}",20,16,8.20826428768,"{0: 4, 1: 0, 2: 0, 3: 0, 4: 0}",1
239,False,"{'a': 0.6, 'e': 0.09162968387750484}",20,12,13.9925650922,"{0: 8, 1: 0, 2: 0, 3: 0, 4: 0}",1
240,False,"{'a': 0.6, 'e': 0.09071795328941251}",20,9,21.0341839914,"{0: 11, 1: 0, 2: 0, 3: 0, 4: 0}",1
241,False,"{'a': 0.6, 'e': 0.08981529457224763}",25,11,29.9989515096,"{0: 14, 1: 0, 2: 0, 3: 0, 4: 0}",1
242,False,"{'a': 0.6, 'e': 0.08892161745938634}",25,20,11.6805667358,"{0: 5, 1: 0, 2: 0, 3: 0, 4: 0}",1
243,False,"{'a': 0.6, 'e': 0.08803683258237255}",20,3,27.2785155287,"{0: 17, 1: 0, 2: 0, 3: 0, 4: 0}",1
244,False,"{'a': 0.6, 'e': 0.0871608514619813}",25,18,16.3461409183,"{0: 7, 1: 0, 2: 0, 3: 0, 4: 0}",1
245,False,"{'a': 0.6, 'e': 0.0862935864993705}",25,18,12.2955363219,"{0: 7, 1: 0, 2: 0, 3: 0, 4: 0}",1
246,False,"{'a': 0.6, 'e': 0.08543495096732123}",20,10,20.0709427998,"{0: 10, 1: 0, 2: 0, 3: 0, 4: 0}",1
247,False,"{'a': 0.6, 'e': 0.08458485900156469}",20,11,-26.728419421,"{0: 8, 1: 0, 2: 0, 3: 0, 4: 1}",1
248,False,"{'a': 0.6, 'e': 0.08374322559219596}",20,0,-25.1878418469,"{0: 18, 1: 0, 2: 0, 3: 1, 4: 1}",0
249,False,"{'a': 0.6, 'e': 0.08290996657517266}",25,14,22.3840995141,"{0: 11, 1: 0, 2: 0, 3: 0, 4: 0}",1
250,False,"{'a': 0.6, 'e': 0.0820849986238988}",20,3,24.8195678828,"{0: 17, 1: 0, 2: 0, 3: 0, 4: 0}",1
251,False,"{'a': 0.6, 'e': 0.08126823924089167}",20,0,20.2211021749,"{0: 19, 1: 0, 2: 1, 3: 0, 4: 0}",0
252,False,"{'a': 0.6, 'e': 0.08045960674953244}",20,8,12.7233376815,"{0: 11, 1: 0, 2: 1, 3: 0, 4: 0}",1
253,False,"{'a': 0.6, 'e': 0.07965902028589801}",25,11,26.8336239799,"{0: 14, 1: 0, 2: 0, 3: 0, 4: 0}",1
254,False,"{'a': 0.6, 'e': 0.07886639979067495}",30,15,25.395629724,"{0: 15, 1: 0, 2: 0, 3: 0, 4: 0}",1
255,False,"{'a': 0.6, 'e': 0.07808166600115313}",35,21,24.8058652512,"{0: 14, 1: 0, 2: 0, 3: 0, 4: 0}",1
256,False,"{'a': 0.6, 'e': 0.07730474044329974}",20,0,13.6094900679,"{0: 18, 1: 2, 2: 0, 3: 0, 4: 0}",1
257,False,"{'a': 0.6, 'e': 0.07653554542391151}",25,7,21.7523242478,"{0: 17, 1: 0, 2: 1, 3: 0, 4: 0}",1
258,False,"{'a': 0.6, 'e': 0.07577400402284548}",25,5,-10.9504783069,"{0: 19, 1: 0, 2: 0, 3: 0, 4: 1}",1
259,False,"{'a': 0.6, 'e': 0.07502004008532698}",25,19,10.9560823718,"{0: 6, 1: 0, 2: 0, 3: 0, 4: 0}",1
260,False,"{'a': 0.6, 'e': 0.07427357821433388}",30,15,24.3120670459,"{0: 15, 1: 0, 2: 0, 3: 0, 4: 0}",1
261,False,"{'a': 0.6, 'e': 0.0735345437630571}",25,0,29.411850022,"{0: 24, 1: 0, 2: 1, 3: 0, 4: 0}",0
262,False,"{'a': 0.6, 'e': 0.07280286282743559}",20,8,24.8345181577,"{0: 12, 1: 0, 2: 0, 3: 0, 4: 0}",1
263,False,"{'a': 0.6, 'e': 0.0720784622387661}",20,6,17.6625947416,"{0: 13, 1: 0, 2: 1, 3: 0, 4: 0}",1
264,False,"{'a': 0.6, 'e': 0.07136126955638605}",30,18,22.0818558413,"{0: 12, 1: 0, 2: 0, 3: 0, 4: 0}",1
265,False,"{'a': 0.6, 'e': 0.0706512130604296}",20,0,36.9786345544,"{0: 20, 1: 0, 2: 0, 3: 0, 4: 0}",0
266,False,"{'a': 0.6, 'e': 0.06994822174465536}",25,11,8.87944370879,"{0: 13, 1: 0, 2: 1, 3: 0, 4: 0}",1
267,False,"{'a': 0.6, 'e': 0.069252225309346}",20,14,14.8229700588,"{0: 6, 1: 0, 2: 0, 3: 0, 4: 0}",1
268,False,"{'a': 0.6, 'e': 0.06856315415427791}",25,16,17.5361977166,"{0: 9, 1: 0, 2: 0, 3: 0, 4: 0}",1
269,False,"{'a': 0.6, 'e': 0.06788093937176144}",25,16,14.2845127374,"{0: 9, 1: 0, 2: 0, 3: 0, 4: 0}",1
270,False,"{'a': 0.6, 'e': 0.06720551273974976}",20,12,13.9618570075,"{0: 8, 1: 0, 2: 0, 3: 0, 4: 0}",1
271,False,"{'a': 0.6, 'e': 0.06653680671501686}",20,0,20.8369873643,"{0: 19, 1: 0, 2: 1, 3: 0, 4: 0}",0
272,False,"{'a': 0.6, 'e': 0.06587475442640295}",20,8,18.830839667,"{0: 12, 1: 0, 2: 0, 3: 0, 4: 0}",1
273,False,"{'a': 0.6, 'e': 0.06521928966812753}",25,18,11.6735189675,"{0: 7, 1: 0, 2: 0, 3: 0, 4: 0}",1
274,False,"{'a': 0.6, 'e': 0.06457034689316847}",25,14,16.4118292677,"{0: 11, 1: 0, 2: 0, 3: 0, 4: 0}",1
275,False,"{'a': 0.6, 'e': 0.06392786120670757}",25,15,18.4743649453,"{0: 10, 1: 0, 2: 0, 3: 0, 4: 0}",1
276,False,"{'a': 0.6, 'e': 0.0632917683596407}",20,12,15.5991058661,"{0: 8, 1: 0, 2: 0, 3: 0, 4: 0}",1
277,False,"{'a': 0.6, 'e': 0.06266200474215315}",25,12,22.6816437196,"{0: 13, 1: 0, 2: 0, 3: 0, 4: 0}",1
278,False,"{'a': 0.6, 'e': 0.06203850737735829}",25,15,6.09662683001,"{0: 9, 1: 0, 2: 1, 3: 0, 4: 0}",1
279,False,"{'a': 0.6, 'e': 0.06142121391500013}",20,8,13.9841521962,"{0: 11, 1: 1, 2: 0, 3: 0, 4: 0}",1
280,False,"{'a': 0.6, 'e': 0.06081006262521795}",30,19,17.9087903164,"{0: 11, 1: 0, 2: 0, 3: 0, 4: 0}",1
281,False,"{'a': 0.6, 'e': 0.06020499239237354}",20,6,20.1611653539,"{0: 14, 1: 0, 2: 0, 3: 0, 4: 0}",1
282,False,"{'a': 0.6, 'e': 0.05960594270893937}",20,4,14.3435245503,"{0: 15, 1: 1, 2: 0, 3: 0, 4: 0}",1
283,False,"{'a': 0.6, 'e': 0.05901285366944784}",20,6,23.5091769788,"{0: 14, 1: 0, 2: 0, 3: 0, 4: 0}",1
284,False,"{'a': 0.6, 'e': 0.05842566596450083}",20,3,15.5476464725,"{0: 16, 1: 0, 2: 1, 3: 0, 4: 0}",1
285,False,"{'a': 0.6, 'e': 0.057844320874838456}",20,12,14.3451799816,"{0: 8, 1: 0, 2: 0, 3: 0, 4: 0}",1
286,False,"{'a': 0.6, 'e': 0.05726876026546736}",25,12,20.7486901393,"{0: 13, 1: 0, 2: 0, 3: 0, 4: 0}",1
287,False,"{'a': 0.6, 'e': 0.0566989265798469}",20,16,9.6111252382,"{0: 4, 1: 0, 2: 0, 3: 0, 4: 0}",1
288,False,"{'a': 0.6, 'e': 0.056134762834133725}",30,18,13.3002817889,"{0: 11, 1: 0, 2: 1, 3: 0, 4: 0}",1
289,False,"{'a': 0.6, 'e': 0.05557621261148306}",20,4,24.7817372885,"{0: 16, 1: 0, 2: 0, 3: 0, 4: 0}",1
290,False,"{'a': 0.6, 'e': 0.05502322005640723}",20,12,14.2433279489,"{0: 8, 1: 0, 2: 0, 3: 0, 4: 0}",1
291,False,"{'a': 0.6, 'e': 0.05447572986918986}",25,10,26.9522961553,"{0: 15, 1: 0, 2: 0, 3: 0, 4: 0}",1
292,False,"{'a': 0.6, 'e': 0.05393368730035602}",20,11,15.6064310932,"{0: 9, 1: 0, 2: 0, 3: 0, 4: 0}",1
293,False,"{'a': 0.6, 'e': 0.053397038145197084}",35,19,28.9783652589,"{0: 16, 1: 0, 2: 0, 3: 0, 4: 0}",1
294,False,"{'a': 0.6, 'e': 0.05286572873835037}",25,14,21.0296590575,"{0: 11, 1: 0, 2: 0, 3: 0, 4: 0}",1
295,False,"{'a': 0.6, 'e': 0.05233970594843238}",20,1,-12.5281779581,"{0: 18, 1: 0, 2: 0, 3: 0, 4: 1}",1
296,False,"{'a': 0.6, 'e': 0.05181891717272583}",30,10,34.7091827554,"{0: 20, 1: 0, 2: 0, 3: 0, 4: 0}",1
297,False,"{'a': 0.6, 'e': 0.05130331033191911}",30,17,21.3102974217,"{0: 13, 1: 0, 2: 0, 3: 0, 4: 0}",1
298,False,"{'a': 0.6, 'e': 0.0507928338648985}",30,12,28.7634039353,"{0: 17, 1: 1, 2: 0, 3: 0, 4: 0}",1
299,False,"{'a': 0.6, 'e': 0.050287436723591865}",20,8,10.1571945591,"{0: 11, 1: 0, 2: 1, 3: 0, 4: 0}",1
300,False,"{'a': 0.6, 'e': 0.049787068367863944}",20,14,12.1120042183,"{0: 6, 1: 0, 2: 0, 3: 0, 4: 0}",1
301,False,"{'a': 0.6, 'e': 0.04929167876046215}",30,13,35.3906413816,"{0: 17, 1: 0, 2: 0, 3: 0, 4: 0}",1
302,False,"{'a': 0.6, 'e': 0.04880121836201296}",30,16,25.9838554764,"{0: 14, 1: 0, 2: 0, 3: 0, 4: 0}",1
303,False,"{'a': 0.6, 'e': 0.04831563812606777}",20,12,16.9659002553,"{0: 8, 1: 0, 2: 0, 3: 0, 4: 0}",1
304,False,"{'a': 0.6, 'e': 0.04783488949419837}",20,14,9.39445593851,"{0: 6, 1: 0, 2: 0, 3: 0, 4: 0}",1
305,False,"{'a': 0.6, 'e': 0.04735892439114091}",25,12,24.2412574741,"{0: 13, 1: 0, 2: 0, 3: 0, 4: 0}",1
306,False,"{'a': 0.6, 'e': 0.046887695219988486}",20,9,16.6154586715,"{0: 10, 1: 1, 2: 0, 3: 0, 4: 0}",1
307,False,"{'a': 0.6, 'e': 0.04642115485743125}",20,8,21.5016029922,"{0: 12, 1: 0, 2: 0, 3: 0, 4: 0}",1
308,False,"{'a': 0.6, 'e': 0.045959256649044204}",20,0,23.4228265555,"{0: 20, 1: 0, 2: 0, 3: 0, 4: 0}",0
309,False,"{'a': 0.6, 'e': 0.04550195440462157}",30,17,22.5316687555,"{0: 13, 1: 0, 2: 0, 3: 0, 4: 0}",1
310,False,"{'a': 0.6, 'e': 0.0450492023935578}",35,26,18.1224313831,"{0: 9, 1: 0, 2: 0, 3: 0, 4: 0}",1
311,False,"{'a': 0.6, 'e': 0.044600955340274535}",25,8,18.8439613623,"{0: 16, 1: 0, 2: 1, 3: 0, 4: 0}",1
312,False,"{'a': 0.6, 'e': 0.04415716841969286}",25,10,22.6436481877,"{0: 15, 1: 0, 2: 0, 3: 0, 4: 0}",1
313,False,"{'a': 0.6, 'e': 0.04371779725275094}",35,22,25.1575803465,"{0: 13, 1: 0, 2: 0, 3: 0, 4: 0}",1
314,False,"{'a': 0.6, 'e': 0.043282797901965896}",30,10,35.7763770006,"{0: 20, 1: 0, 2: 0, 3: 0, 4: 0}",1
315,False,"{'a': 0.6, 'e': 0.04285212686704019}",20,4,24.3533872778,"{0: 16, 1: 0, 2: 0, 3: 0, 4: 0}",1
316,False,"{'a': 0.6, 'e': 0.042425741080511385}",20,10,16.6115113531,"{0: 10, 1: 0, 2: 0, 3: 0, 4: 0}",1
317,False,"{'a': 0.6, 'e': 0.04200359790344555}",20,12,1.64554521435,"{0: 7, 1: 0, 2: 1, 3: 0, 4: 0}",1
318,False,"{'a': 0.6, 'e': 0.04158565512117316}",20,8,24.008089846,"{0: 12, 1: 0, 2: 0, 3: 0, 4: 0}",1
319,False,"{'a': 0.6, 'e': 0.04117187093906774}",20,7,-17.188382022,"{0: 12, 1: 0, 2: 0, 3: 0, 4: 1}",1
320,False,"{'a': 0.6, 'e': 0.04076220397836621}",35,12,48.7420583559,"{0: 23, 1: 0, 2: 0, 3: 0, 4: 0}",1
321,False,"{'a': 0.6, 'e': 0.04035661327203115}",20,12,15.0483317389,"{0: 8, 1: 0, 2: 0, 3: 0, 4: 0}",1
322,False,"{'a': 0.6, 'e': 0.039955058260653896}",25,13,15.5864983143,"{0: 12, 1: 0, 2: 0, 3: 0, 4: 0}",1
323,False,"{'a': 0.6, 'e': 0.039557498788398725}",20,11,18.4983766358,"{0: 9, 1: 0, 2: 0, 3: 0, 4: 0}",1
324,False,"{'a': 0.6, 'e': 0.039163895098987066}",20,12,16.1726753341,"{0: 8, 1: 0, 2: 0, 3: 0, 4: 0}",1
325,False,"{'a': 0.6, 'e': 0.03877420783172201}",20,12,15.2216930913,"{0: 8, 1: 0, 2: 0, 3: 0, 4: 0}",1
326,False,"{'a': 0.6, 'e': 0.038388398017552054}",20,12,16.1029590658,"{0: 8, 1: 0, 2: 0, 3: 0, 4: 0}",1
327,False,"{'a': 0.6, 'e': 0.038006427075174314}",20,14,13.3710594819,"{0: 6, 1: 0, 2: 0, 3: 0, 4: 0}",1
328,False,"{'a': 0.6, 'e': 0.0376282568071762}",20,13,11.4300161917,"{0: 7, 1: 0, 2: 0, 3: 0, 4: 0}",1
329,False,"{'a': 0.6, 'e': 0.03725384939621581}",25,15,11.0732482613,"{0: 9, 1: 0, 2: 1, 3: 0, 4: 0}",1
330,False,"{'a': 0.6, 'e': 0.036883167401239994}",30,13,33.8812271599,"{0: 17, 1: 0, 2: 0, 3: 0, 4: 0}",1
331,False,"{'a': 0.6, 'e': 0.0365161737537404}",30,22,15.7170793876,"{0: 8, 1: 0, 2: 0, 3: 0, 4: 0}",1
332,False,"{'a': 0.6, 'e': 0.03615283175404641}",20,2,31.2778740443,"{0: 18, 1: 0, 2: 0, 3: 0, 4: 0}",1
333,False,"{'a': 0.6, 'e': 0.0357931050676553}",30,22,16.9598206088,"{0: 8, 1: 0, 2: 0, 3: 0, 4: 0}",1
334,False,"{'a': 0.6, 'e': 0.03543695772159864}",20,0,29.2724702237,"{0: 20, 1: 0, 2: 0, 3: 0, 4: 0}",0
335,False,"{'a': 0.6, 'e': 0.035084354100845025}",25,16,18.08113719,"{0: 9, 1: 0, 2: 0, 3: 0, 4: 0}",1
336,False,"{'a': 0.6, 'e': 0.03473525894473856}",20,14,11.1809055525,"{0: 6, 1: 0, 2: 0, 3: 0, 4: 0}",1
337,False,"{'a': 0.6, 'e': 0.03438963734347271}",20,15,8.63079428344,"{0: 5, 1: 0, 2: 0, 3: 0, 4: 0}",1
338,False,"{'a': 0.6, 'e': 0.034047454734599344}",20,9,20.9938260454,"{0: 11, 1: 0, 2: 0, 3: 0, 4: 0}",1
339,False,"{'a': 0.6, 'e': 0.033708676899572396}",20,16,7.89576616066,"{0: 4, 1: 0, 2: 0, 3: 0, 4: 0}",1
340,False,"{'a': 0.6, 'e': 0.03337326996032608}",25,10,22.8655620583,"{0: 15, 1: 0, 2: 0, 3: 0, 4: 0}",1
341,False,"{'a': 0.6, 'e': 0.03304120037588693}",20,5,24.3295574724,"{0: 15, 1: 0, 2: 0, 3: 0, 4: 0}",1
342,False,"{'a': 0.6, 'e': 0.03271243493901982}",20,11,15.7240024319,"{0: 9, 1: 0, 2: 0, 3: 0, 4: 0}",1
343,False,"{'a': 0.6, 'e': 0.03238694077290704}",25,11,-15.0165141832,"{0: 13, 1: 0, 2: 0, 3: 0, 4: 1}",1
344,False,"{'a': 0.6, 'e': 0.03206468532786077}",25,1,35.7509624432,"{0: 24, 1: 0, 2: 0, 3: 0, 4: 0}",1
345,False,"{'a': 0.6, 'e': 0.03174563637806794}",25,18,3.43741501031,"{0: 6, 1: 0, 2: 1, 3: 0, 4: 0}",1
346,False,"{'a': 0.6, 'e': 0.03142976201836771}",25,18,14.5527624375,"{0: 7, 1: 0, 2: 0, 3: 0, 4: 0}",1
347,False,"{'a': 0.6, 'e': 0.03111703066106086}",25,0,27.1997486024,"{0: 24, 1: 1, 2: 0, 3: 0, 4: 0}",0
348,False,"{'a': 0.6, 'e': 0.030807411032751076}",20,15,2.08647570166,"{0: 4, 1: 1, 2: 0, 3: 0, 4: 0}",1
349,False,"{'a': 0.6, 'e': 0.030500872171217483}",25,17,18.0170968589,"{0: 8, 1: 0, 2: 0, 3: 0, 4: 0}",1
350,False,"{'a': 0.6, 'e': 0.0301973834223185}",30,10,38.6291994637,"{0: 20, 1: 0, 2: 0, 3: 0, 4: 0}",1
351,False,"{'a': 0.6, 'e': 0.029896914436926308}",30,21,15.7251712365,"{0: 9, 1: 0, 2: 0, 3: 0, 4: 0}",1
352,False,"{'a': 0.6, 'e': 0.029599435167892}",25,15,19.3263885599,"{0: 10, 1: 0, 2: 0, 3: 0, 4: 0}",1
353,False,"{'a': 0.6, 'e': 0.029304915867040746}",30,19,20.8145386345,"{0: 11, 1: 0, 2: 0, 3: 0, 4: 0}",1
354,False,"{'a': 0.6, 'e': 0.029013327082197053}",20,8,24.5365409874,"{0: 12, 1: 0, 2: 0, 3: 0, 4: 0}",1
355,False,"{'a': 0.6, 'e': 0.028724639654239423}",20,16,6.89173592454,"{0: 4, 1: 0, 2: 0, 3: 0, 4: 0}",1
356,False,"{'a': 0.6, 'e': 0.028438824714184505}",20,12,15.6132607974,"{0: 8, 1: 0, 2: 0, 3: 0, 4: 0}",1
357,False,"{'a': 0.6, 'e': 0.028155853680300096}",30,23,14.0485440734,"{0: 7, 1: 0, 2: 0, 3: 0, 4: 0}",1
358,False,"{'a': 0.6, 'e': 0.027875698255247015}",20,11,13.8341897222,"{0: 9, 1: 0, 2: 0, 3: 0, 4: 0}",1
359,False,"{'a': 0.6, 'e': 0.027598330423249287}",30,23,14.3406317837,"{0: 7, 1: 0, 2: 0, 3: 0, 4: 0}",1
360,False,"{'a': 0.6, 'e': 0.02732372244729256}",25,8,9.28230490442,"{0: 16, 1: 0, 2: 0, 3: 1, 4: 0}",1
361,False,"{'a': 0.6, 'e': 0.027051846866350416}",20,16,7.21780770322,"{0: 4, 1: 0, 2: 0, 3: 0, 4: 0}",1
362,False,"{'a': 0.6, 'e': 0.026782676492638175}",20,0,27.6057265111,"{0: 20, 1: 0, 2: 0, 3: 0, 4: 0}",0
363,False,"{'a': 0.6, 'e': 0.02651618440889418}",25,14,22.6484417457,"{0: 11, 1: 0, 2: 0, 3: 0, 4: 0}",1
364,False,"{'a': 0.6, 'e': 0.02625234396568796}",25,11,27.7091594929,"{0: 14, 1: 0, 2: 0, 3: 0, 4: 0}",1
365,False,"{'a': 0.6, 'e': 0.025991128778755347}",25,16,18.6014700174,"{0: 9, 1: 0, 2: 0, 3: 0, 4: 0}",1
366,False,"{'a': 0.6, 'e': 0.02573251272635994}",25,15,18.1471987351,"{0: 10, 1: 0, 2: 0, 3: 0, 4: 0}",1
367,False,"{'a': 0.6, 'e': 0.025476469946681016}",30,20,19.7430786527,"{0: 10, 1: 0, 2: 0, 3: 0, 4: 0}",1
368,False,"{'a': 0.6, 'e': 0.025222974835227212}",30,20,18.6427220078,"{0: 10, 1: 0, 2: 0, 3: 0, 4: 0}",1
369,False,"{'a': 0.6, 'e': 0.024972002042276155}",20,12,14.218920047,"{0: 8, 1: 0, 2: 0, 3: 0, 4: 0}",1
370,False,"{'a': 0.6, 'e': 0.024723526470339388}",30,16,22.9292899798,"{0: 14, 1: 0, 2: 0, 3: 0, 4: 0}",1
371,False,"{'a': 0.6, 'e': 0.02447752327165267}",20,12,13.7288329271,"{0: 8, 1: 0, 2: 0, 3: 0, 4: 0}",1
372,False,"{'a': 0.6, 'e': 0.024233967845691113}",20,12,17.2194132854,"{0: 8, 1: 0, 2: 0, 3: 0, 4: 0}",1
373,False,"{'a': 0.6, 'e': 0.023992835836709175}",20,15,11.1772581272,"{0: 5, 1: 0, 2: 0, 3: 0, 4: 0}",1
374,False,"{'a': 0.6, 'e': 0.023754103131304997}",30,16,22.7406494885,"{0: 14, 1: 0, 2: 0, 3: 0, 4: 0}",1
375,False,"{'a': 0.6, 'e': 0.023517745856009107}",25,8,34.3174910717,"{0: 17, 1: 0, 2: 0, 3: 0, 4: 0}",1
376,False,"{'a': 0.6, 'e': 0.023283740374897}",20,16,5.76102156515,"{0: 4, 1: 0, 2: 0, 3: 0, 4: 0}",1
377,False,"{'a': 0.6, 'e': 0.02305206328722557}",25,12,26.5018105445,"{0: 13, 1: 0, 2: 0, 3: 0, 4: 0}",1
378,False,"{'a': 0.6, 'e': 0.02282269142509297}",20,10,18.5922345814,"{0: 10, 1: 0, 2: 0, 3: 0, 4: 0}",1
379,False,"{'a': 0.6, 'e': 0.022595601851121864}",30,16,27.1613549752,"{0: 14, 1: 0, 2: 0, 3: 0, 4: 0}",1
380,False,"{'a': 0.6, 'e': 0.02237077185616559}",20,11,18.4121756217,"{0: 9, 1: 0, 2: 0, 3: 0, 4: 0}",1
381,False,"{'a': 0.6, 'e': 0.022148178957037315}",20,10,7.70495864433,"{0: 9, 1: 0, 2: 1, 3: 0, 4: 0}",1
382,False,"{'a': 0.6, 'e': 0.02192780089426161}",25,15,17.734576994,"{0: 10, 1: 0, 2: 0, 3: 0, 4: 0}",1
383,False,"{'a': 0.6, 'e': 0.02170961562984857}",20,13,14.4251839563,"{0: 7, 1: 0, 2: 0, 3: 0, 4: 0}",1
384,False,"{'a': 0.6, 'e': 0.021493601345089923}",20,13,11.8513924036,"{0: 7, 1: 0, 2: 0, 3: 0, 4: 0}",1
385,False,"{'a': 0.6, 'e': 0.02127973643837717}",25,8,27.9664179116,"{0: 17, 1: 0, 2: 0, 3: 0, 4: 0}",1
386,False,"{'a': 0.6, 'e': 0.021067999523041434}",25,17,17.8508783203,"{0: 8, 1: 0, 2: 0, 3: 0, 4: 0}",1
387,False,"{'a': 0.6, 'e': 0.020858369425214716}",20,0,31.4469044825,"{0: 20, 1: 0, 2: 0, 3: 0, 4: 0}",0
388,False,"{'a': 0.6, 'e': 0.020650825181712566}",25,7,26.0895171181,"{0: 18, 1: 0, 2: 0, 3: 0, 4: 0}",1
389,False,"{'a': 0.6, 'e': 0.020445346037937653}",25,15,19.4916430999,"{0: 10, 1: 0, 2: 0, 3: 0, 4: 0}",1
390,False,"{'a': 0.6, 'e': 0.02024191144580439}",30,16,23.6729991564,"{0: 14, 1: 0, 2: 0, 3: 0, 4: 0}",1
391,False,"{'a': 0.6, 'e': 0.020040501061684014}",20,7,24.3258806791,"{0: 13, 1: 0, 2: 0, 3: 0, 4: 0}",1
392,False,"{'a': 0.6, 'e': 0.019841094744370288}",20,0,33.4975225736,"{0: 20, 1: 0, 2: 0, 3: 0, 4: 0}",0
393,False,"{'a': 0.6, 'e': 0.019643672553065292}",25,0,36.6548238491,"{0: 25, 1: 0, 2: 0, 3: 0, 4: 0}",0
394,False,"{'a': 0.6, 'e': 0.01944821474538539}",25,12,21.8154275427,"{0: 13, 1: 0, 2: 0, 3: 0, 4: 0}",1
395,False,"{'a': 0.6, 'e': 0.01925470177538692}",20,11,15.2657525296,"{0: 9, 1: 0, 2: 0, 3: 0, 4: 0}",1
396,False,"{'a': 0.6, 'e': 0.019063114291611637}",30,19,21.2991797381,"{0: 11, 1: 0, 2: 0, 3: 0, 4: 0}",1
397,False,"{'a': 0.6, 'e': 0.018873433135151486}",25,18,10.4827546476,"{0: 7, 1: 0, 2: 0, 3: 0, 4: 0}",1
398,False,"{'a': 0.6, 'e': 0.018685639337732773}",20,10,17.608494747,"{0: 10, 1: 0, 2: 0, 3: 0, 4: 0}",1
399,False,"{'a': 0.6, 'e': 0.018499714119819242}",35,21,19.5208335928,"{0: 14, 1: 0, 2: 0, 3: 0, 4: 0}",1
400,False,"{'a': 0.6, 'e': 0.01831563888873418}",20,6,29.5254249175,"{0: 14, 1: 0, 2: 0, 3: 0, 4: 0}",1
401,False,"{'a': 0.6, 'e': 0.018133395236801075}",20,10,18.9371905697,"{0: 10, 1: 0, 2: 0, 3: 0, 4: 0}",1
402,False,"{'a': 0.6, 'e': 0.01795296493950285}",20,10,20.2123481686,"{0: 10, 1: 0, 2: 0, 3: 0, 4: 0}",1
403,False,"{'a': 0.6, 'e': 0.01777432995365944}",20,0,36.8729816708,"{0: 20, 1: 0, 2: 0, 3: 0, 4: 0}",0
404,False,"{'a': 0.6, 'e': 0.017597472415623393}",25,13,25.4989323646,"{0: 12, 1: 0, 2: 0, 3: 0, 4: 0}",1
405,False,"{'a': 0.6, 'e': 0.017422374639493515}",20,7,21.321924762,"{0: 13, 1: 0, 2: 0, 3: 0, 4: 0}",1
406,False,"{'a': 0.6, 'e': 0.017249019115346265}",25,11,25.5067504047,"{0: 14, 1: 0, 2: 0, 3: 0, 4: 0}",1
407,False,"{'a': 0.6, 'e': 0.017077388507484793}",20,8,22.4292790643,"{0: 12, 1: 0, 2: 0, 3: 0, 4: 0}",1
408,False,"{'a': 0.6, 'e': 0.01690746565270528}",20,5,-19.416191324,"{0: 14, 1: 0, 2: 0, 3: 0, 4: 1}",1
409,False,"{'a': 0.6, 'e': 0.016739233558580632}",25,3,22.7818241862,"{0: 21, 1: 0, 2: 1, 3: 0, 4: 0}",1
410,False,"{'a': 0.6, 'e': 0.016572675401761255}",20,14,10.4546092883,"{0: 6, 1: 0, 2: 0, 3: 0, 4: 0}",1
411,False,"{'a': 0.6, 'e': 0.016407774526292645}",25,20,10.999623342,"{0: 5, 1: 0, 2: 0, 3: 0, 4: 0}",1
412,False,"{'a': 0.6, 'e': 0.01624451444194987}",20,11,16.1824622114,"{0: 9, 1: 0, 2: 0, 3: 0, 4: 0}",1
413,False,"{'a': 0.6, 'e': 0.016082878822588433}",30,18,21.5291472435,"{0: 12, 1: 0, 2: 0, 3: 0, 4: 0}",1
414,False,"{'a': 0.6, 'e': 0.015922851504511698}",25,17,12.1554127415,"{0: 8, 1: 0, 2: 0, 3: 0, 4: 0}",1
415,False,"{'a': 0.6, 'e': 0.015764416484854486}",25,12,19.5144253938,"{0: 12, 1: 1, 2: 0, 3: 0, 4: 0}",1
416,False,"{'a': 0.6, 'e': 0.01560755791998283}",20,12,14.5019272398,"{0: 8, 1: 0, 2: 0, 3: 0, 4: 0}",1
417,False,"{'a': 0.6, 'e': 0.015452260123909515}",20,15,11.4082095049,"{0: 5, 1: 0, 2: 0, 3: 0, 4: 0}",1
418,False,"{'a': 0.6, 'e': 0.015298507566725518}",25,16,19.6159401797,"{0: 9, 1: 0, 2: 0, 3: 0, 4: 0}",1
419,False,"{'a': 0.6, 'e': 0.01514628487304698}",20,9,21.0106670443,"{0: 11, 1: 0, 2: 0, 3: 0, 4: 0}",1
420,False,"{'a': 0.6, 'e': 0.014995576820477703}",25,8,36.5823717544,"{0: 17, 1: 0, 2: 0, 3: 0, 4: 0}",1
421,False,"{'a': 0.6, 'e': 0.014846368338086832}",20,13,13.80847017,"{0: 7, 1: 0, 2: 0, 3: 0, 4: 0}",1
422,False,"{'a': 0.6, 'e': 0.014698644504901784}",20,16,8.25503772218,"{0: 4, 1: 0, 2: 0, 3: 0, 4: 0}",1
423,False,"{'a': 0.6, 'e': 0.014552390548416123}",20,11,16.7089790195,"{0: 9, 1: 0, 2: 0, 3: 0, 4: 0}",1
424,False,"{'a': 0.6, 'e': 0.01440759184311235}",20,10,16.7085666727,"{0: 10, 1: 0, 2: 0, 3: 0, 4: 0}",1
425,False,"{'a': 0.6, 'e': 0.014264233908999256}",20,11,17.3289429456,"{0: 9, 1: 0, 2: 0, 3: 0, 4: 0}",1
426,False,"{'a': 0.6, 'e': 0.014122302410163962}",20,12,13.1508803862,"{0: 8, 1: 0, 2: 0, 3: 0, 4: 0}",1
427,False,"{'a': 0.6, 'e': 0.013981783153338296}",20,12,12.8781204955,"{0: 8, 1: 0, 2: 0, 3: 0, 4: 0}",1
428,False,"{'a': 0.6, 'e': 0.013842662086479501}",25,16,13.8821606559,"{0: 9, 1: 0, 2: 0, 3: 0, 4: 0}",1
429,False,"{'a': 0.6, 'e': 0.013704925297364945}",25,2,37.616447493,"{0: 23, 1: 0, 2: 0, 3: 0, 4: 0}",1
430,False,"{'a': 0.6, 'e': 0.013568559012200934}",20,9,21.0095278305,"{0: 11, 1: 0, 2: 0, 3: 0, 4: 0}",1
431,False,"{'a': 0.6, 'e': 0.013433549594245302}",20,6,27.8812826755,"{0: 14, 1: 0, 2: 0, 3: 0, 4: 0}",1
432,False,"{'a': 0.6, 'e': 0.013299883542443767}",25,16,19.3304896883,"{0: 9, 1: 0, 2: 0, 3: 0, 4: 0}",1
433,False,"{'a': 0.6, 'e': 0.013167547490079751}",20,6,22.1145926792,"{0: 14, 1: 0, 2: 0, 3: 0, 4: 0}",1
434,False,"{'a': 0.6, 'e': 0.013036528203437736}",20,6,26.8168923074,"{0: 14, 1: 0, 2: 0, 3: 0, 4: 0}",1
435,False,"{'a': 0.6, 'e': 0.012906812580479862}",25,19,10.6156133645,"{0: 6, 1: 0, 2: 0, 3: 0, 4: 0}",1
436,False,"{'a': 0.6, 'e': 0.01277838764953576}",25,11,17.5337713146,"{0: 13, 1: 1, 2: 0, 3: 0, 4: 0}",1
437,False,"{'a': 0.6, 'e': 0.012651240568005305}",25,4,31.7261181133,"{0: 21, 1: 0, 2: 0, 3: 0, 4: 0}",1
438,False,"{'a': 0.6, 'e': 0.012525358621074385}",20,8,21.2027623822,"{0: 12, 1: 0, 2: 0, 3: 0, 4: 0}",1
439,False,"{'a': 0.6, 'e': 0.012400729220443406}",20,9,22.1702319951,"{0: 11, 1: 0, 2: 0, 3: 0, 4: 0}",1
440,False,"{'a': 0.6, 'e': 0.012277339903068436}",25,12,21.6825794554,"{0: 13, 1: 0, 2: 0, 3: 0, 4: 0}",1
441,False,"{'a': 0.6, 'e': 0.012155178329914935}",20,12,13.4971057377,"{0: 8, 1: 0, 2: 0, 3: 0, 4: 0}",1
442,False,"{'a': 0.6, 'e': 0.012034232284723775}",20,10,17.057518795,"{0: 10, 1: 0, 2: 0, 3: 0, 4: 0}",1
443,False,"{'a': 0.6, 'e': 0.011914489672789647}",20,12,14.9870468113,"{0: 8, 1: 0, 2: 0, 3: 0, 4: 0}",1
444,False,"{'a': 0.6, 'e': 0.011795938519751562}",20,0,30.8679218078,"{0: 20, 1: 0, 2: 0, 3: 0, 4: 0}",0
445,False,"{'a': 0.6, 'e': 0.011678566970395442}",25,6,36.1118141016,"{0: 19, 1: 0, 2: 0, 3: 0, 4: 0}",1
446,False,"{'a': 0.6, 'e': 0.011562363287468536}",20,15,11.0688582441,"{0: 5, 1: 0, 2: 0, 3: 0, 4: 0}",1
447,False,"{'a': 0.6, 'e': 0.01144731585050571}",20,9,18.8891949736,"{0: 11, 1: 0, 2: 0, 3: 0, 4: 0}",1
448,False,"{'a': 0.6, 'e': 0.011333413154667387}",20,6,27.4294398453,"{0: 14, 1: 0, 2: 0, 3: 0, 4: 0}",1
449,False,"{'a': 0.6, 'e': 0.011220643809589084}",30,24,11.6327086084,"{0: 6, 1: 0, 2: 0, 3: 0, 4: 0}",1
450,False,"{'a': 0.6, 'e': 0.011108996538242306}",20,16,6.76286455804,"{0: 4, 1: 0, 2: 0, 3: 0, 4: 0}",1
451,False,"{'a': 0.6, 'e': 0.010998460175806881}",20,13,12.0733423408,"{0: 7, 1: 0, 2: 0, 3: 0, 4: 0}",1
452,False,"{'a': 0.6, 'e': 0.01088902366855444}",20,12,15.3218441771,"{0: 8, 1: 0, 2: 0, 3: 0, 4: 0}",1
453,False,"{'a': 0.6, 'e': 0.010780676072743084}",35,16,32.8978820567,"{0: 19, 1: 0, 2: 0, 3: 0, 4: 0}",1
454,False,"{'a': 0.6, 'e': 0.010673406553522925}",25,11,24.1246422528,"{0: 14, 1: 0, 2: 0, 3: 0, 4: 0}",1
455,False,"{'a': 0.6, 'e': 0.010567204383852655}",20,15,10.9837932425,"{0: 5, 1: 0, 2: 0, 3: 0, 4: 0}",1
456,False,"{'a': 0.6, 'e': 0.010462058943426795}",30,19,16.7096244864,"{0: 11, 1: 0, 2: 0, 3: 0, 4: 0}",1
457,False,"{'a': 0.6, 'e': 0.010357959717613696}",25,7,34.6740984993,"{0: 18, 1: 0, 2: 0, 3: 0, 4: 0}",1
458,False,"{'a': 0.6, 'e': 0.010254896296404022}",20,9,18.5732517374,"{0: 11, 1: 0, 2: 0, 3: 0, 4: 0}",1
459,False,"{'a': 0.6, 'e': 0.010152858373369763}",20,12,15.7751320158,"{0: 8, 1: 0, 2: 0, 3: 0, 4: 0}",1
460,False,"{'a': 0.6, 'e': 0.010051835744633576}",25,11,24.9258728085,"{0: 14, 1: 0, 2: 0, 3: 0, 4: 0}",1
461,False,"{'a': 0.6, 'e': 0.00995181830784842}",25,17,15.1555816528,"{0: 8, 1: 0, 2: 0, 3: 0, 4: 0}",1
1,True,"{'a': 0, 'e': 0}",20,14,11.8182918921,"{0: 6, 1: 0, 2: 0, 3: 0, 4: 0}",1
2,True,"{'a': 0, 'e': 0}",20,16,6.21137965596,"{0: 4, 1: 0, 2: 0, 3: 0, 4: 0}",1
3,True,"{'a': 0, 'e': 0}",20,3,30.3587400157,"{0: 17, 1: 0, 2: 0, 3: 0, 4: 0}",1
4,True,"{'a': 0, 'e': 0}",20,16,6.50115261233,"{0: 4, 1: 0, 2: 0, 3: 0, 4: 0}",1
5,True,"{'a': 0, 'e': 0}",20,8,22.5457390536,"{0: 12, 1: 0, 2: 0, 3: 0, 4: 0}",1
6,True,"{'a': 0, 'e': 0}",20,12,16.6879006734,"{0: 8, 1: 0, 2: 0, 3: 0, 4: 0}",1
7,True,"{'a': 0, 'e': 0}",35,24,19.2643211299,"{0: 11, 1: 0, 2: 0, 3: 0, 4: 0}",1
8,True,"{'a': 0, 'e': 0}",20,8,20.4904714788,"{0: 12, 1: 0, 2: 0, 3: 0, 4: 0}",1
9,True,"{'a': 0, 'e': 0}",20,12,14.7700930301,"{0: 8, 1: 0, 2: 0, 3: 0, 4: 0}",1
10,True,"{'a': 0, 'e': 0}",25,13,23.4341918521,"{0: 12, 1: 0, 2: 0, 3: 0, 4: 0}",1
11,True,"{'a': 0, 'e': 0}",25,13,24.2200612806,"{0: 12, 1: 0, 2: 0, 3: 0, 4: 0}",1
12,True,"{'a': 0, 'e': 0}",25,17,17.149892792,"{0: 8, 1: 0, 2: 0, 3: 0, 4: 0}",1
13,True,"{'a': 0, 'e': 0}",35,15,35.5940271123,"{0: 20, 1: 0, 2: 0, 3: 0, 4: 0}",1
14,True,"{'a': 0, 'e': 0}",30,11,37.2826893921,"{0: 19, 1: 0, 2: 0, 3: 0, 4: 0}",1
15,True,"{'a': 0, 'e': 0}",25,12,24.056558845,"{0: 13, 1: 0, 2: 0, 3: 0, 4: 0}",1
16,True,"{'a': 0, 'e': 0}",30,16,22.916014284,"{0: 14, 1: 0, 2: 0, 3: 0, 4: 0}",1
17,True,"{'a': 0, 'e': 0}",30,17,20.2541789028,"{0: 13, 1: 0, 2: 0, 3: 0, 4: 0}",1
18,True,"{'a': 0, 'e': 0}",30,21,15.4443752045,"{0: 9, 1: 0, 2: 0, 3: 0, 4: 0}",1
19,True,"{'a': 0, 'e': 0}",20,8,23.2369795334,"{0: 12, 1: 0, 2: 0, 3: 0, 4: 0}",1
20,True,"{'a': 0, 'e': 0}",30,17,27.0673412055,"{0: 13, 1: 0, 2: 0, 3: 0, 4: 0}",1
